Bucket,3,
,Bucket,1
,,MATH 120
,Bucket,1
,,MATH 126
,Bucket,1
,,MATH 220
Bucket,2,
,MATH 242,
,MATH 244,
,MATH 252,
Bucket ,4,
,Bucket,1
,,MATH 257
,,MATH 320
,,MATH 348
,,MATH 352
,,MATH 356
,,MATH 252
,Bucket,1
,,MATH 226
,,MATH 230
,,MATH 257
,,MATH 262
,,MATH 340
,,MATH 344
,,MATH 244
,Bucket,1
,,MATH 234
,,MATH 239
,,MATH 261
,,MATH 262
,,MATH 261
,,MATH 332
,,MATH 364
,Bucket ,4
,,MATH 226
,,MATH 230
,,MATH 234
,,MATH 239
,,MATH 242
,,MATH 244
,,MATH 252
,,MATH 257
,,MATH 261
,,MATH 262
,,MATH 266
,,MATH 320
,,MATH 330
,,MATH 332
,,MATH 240
,,MATH 344
,,MATH 348
,,MATH 352
,,MATH 356
,,MATH 364
Bucket ,4,
,Bucket,1
,,MATH 242
,,MATH 230
,,MATH 236
,,MATH 261
,,MATH 262
,,MATH 330
,Bucket,1
,,MATH 226
,,MATH 230
,,MATH 257
,,MATH 262
,,MATH 340
,,MATH 344
,,MATH 244
,Bucket,1
,,MATH 234
,,MATH 239
,,MATH 261
,,MATH 262
,,MATH 261
,,MATH 332
,,MATH 364
,Bucket,4
,,MATH 226
,,MATH 230
,,MATH 234
,,MATH 239
,,MATH 242
,,MATH 244
,,MATH 252
,,MATH 257
,,MATH 261
,,MATH 262
,,MATH 266
,,MATH 320
,,MATH 330
,,MATH 332
,,MATH 240
,,MATH 344
,,MATH 348
,,MATH 352
,,MATH 356
,,MATH 364
Bucket,4,
,Bucket ,1
,,MATH 242
,,MATH 230
,,MATH 236
,,MATH 261
,,MATH 262
,,MATH 266
,,MATH 330
,Bucket ,1
,,MATH 226
,,MATH 230
,,MATH 257
,,MATH 262
,,MATH 340
,,MATH 344
,,MATH 244
,Bucket ,1
,,MATH 257
,,MATH 320
,,MATH 348
,,MATH 352
,,MATH 356
,,MATH 252
,Bucket,4
,,MATH 226
,,MATH 230
,,MATH 234
,,MATH 239
,,MATH 242
,,MATH 244
,,MATH 252
,,MATH 257
,,MATH 261
,,MATH 262
,,MATH 266
,,MATH 320
,,MATH 330
,,MATH 332
,,MATH 240
,,MATH 344
,,MATH 348
,,MATH 352
,,MATH 356
,,MATH 364
Bucket ,4,
,Bucket ,1
,,MATH 242
,,MATH 230
,,MATH 236
,,MATH 261
,,MATH 262
,,MATH 266
,,MATH 330
,Bucket,1
,,
,,MATH 239
,,MATH 261
,,MATH 262
,,MATH 261
,,MATH 332
,,MATH 364
,Bucket ,1
,,MATH 257
,,MATH 320
,,MATH 348
,,MATH 352
,,MATH 356
,,MATH 252
,Bucket,4
,,MATH 226
,,MATH 230
,,MATH 234
,,MATH 239
,,MATH 242
,,MATH 244
,,MATH 252
,,MATH 257
,,MATH 261
,,MATH 262
,,MATH 266
,,MATH 320
,,MATH 330
,,MATH 332
,,MATH 240
,,MATH 344
,,MATH 348
,,MATH 352
,,MATH 356
,,MATH 364