Math 130,CS 100-Math 135,Math 145,Math 213-Math 220-Math 300,Math 395-Math 434-Math 435-Math 447,Math 445
Math 130,CS 100-Math 135,Math 145,Math 213-Math 220-Math 300,Math 395-Math 434-Math 435-Math 447,Math 440
Math 130,CS 100-Math 135,Math 145,Math 213-Math 220-Math 300,Math 434-Math 435-Math 447,Math 395-Math 445
Math 130,CS 100-Math 135,Math 145,Math 213-Math 220-Math 300,Math 434-Math 435-Math 447,Math 395-Math 440
Math 130,CS 100-Math 135,Math 145,Math 213-Math 220-Math 300,Math 395-Math 435-Math 447,Math 425-Math 445
Math 130,CS 100-Math 135,Math 145,Math 213-Math 220-Math 300,Math 395-Math 435-Math 447,Math 425-Math 440
Math 130,CS 100-Math 135,Math 145,Math 213-Math 220-Math 300,Math 395-Math 434-Math 447,Math 425-Math 445
Math 130,CS 100-Math 135,Math 145,Math 213-Math 220-Math 300,Math 395-Math 434-Math 447,Math 425-Math 440
Math 130,CS 100-Math 135,Math 145,Math 213-Math 220-Math 300,Math 395-Math 434-Math 435,Math 440-Math 445
Math 130,CS 100-Math 135,Math 145,Math 213-Math 220-Math 300,Math 435-Math 447,Math 395-Math 425-Math 445
Math 130,CS 100-Math 135,Math 145,Math 213-Math 220-Math 300,Math 435-Math 447,Math 395-Math 425-Math 440
Math 130,CS 100-Math 135,Math 145,Math 213-Math 220-Math 300,Math 434-Math 447,Math 395-Math 425-Math 445
Math 130,CS 100-Math 135,Math 145,Math 213-Math 220-Math 300,Math 434-Math 447,Math 395-Math 425-Math 440
Math 130,CS 100-Math 135,Math 145,Math 213-Math 220-Math 300,Math 434-Math 435,Math 395-Math 440-Math 445
Math 130,CS 100-Math 135,Math 145,Math 213-Math 220-Math 300,Math 395-Math 435,Math 425-Math 440-Math 445
Math 130,CS 100-Math 135,Math 145,Math 213-Math 220-Math 300,Math 395-Math 434,Math 425-Math 440-Math 445
Math 130,CS 100-Math 135,Math 145,Math 213-Math 220-Math 300,Math 435,Math 395-Math 425-Math 440-Math 445
Math 130,CS 100-Math 135,Math 145,Math 213-Math 220-Math 300,Math 434,Math 395-Math 425-Math 440-Math 445
Math 130,CS 100-Math 135,Math 145,Math 213-Math 220,Math 300-Math 434-Math 435,Math 395-Math 440-Math 445
Math 130,CS 100-Math 135,Math 145,Math 213-Math 220,Math 300-Math 435,Math 395-Math 425-Math 440-Math 445
Math 130,CS 100-Math 135,Math 145,Math 213-Math 220,Math 300-Math 434,Math 395-Math 425-Math 440-Math 445
Math 130,Math 135,CS 100-Math 145,Math 213-Math 220-Math 300,Math 395-Math 434-Math 435-Math 447,Math 445
Math 130,Math 135,CS 100-Math 145,Math 213-Math 220-Math 300,Math 395-Math 434-Math 435-Math 447,Math 440
Math 130,Math 135,CS 100-Math 145,Math 213-Math 220-Math 300,Math 434-Math 435-Math 447,Math 395-Math 445
Math 130,Math 135,CS 100-Math 145,Math 213-Math 220-Math 300,Math 434-Math 435-Math 447,Math 395-Math 440
Math 130,Math 135,CS 100-Math 145,Math 213-Math 220-Math 300,Math 395-Math 435-Math 447,Math 425-Math 445
Math 130,Math 135,CS 100-Math 145,Math 213-Math 220-Math 300,Math 395-Math 435-Math 447,Math 425-Math 440
Math 130,Math 135,CS 100-Math 145,Math 213-Math 220-Math 300,Math 395-Math 434-Math 447,Math 425-Math 445
Math 130,Math 135,CS 100-Math 145,Math 213-Math 220-Math 300,Math 395-Math 434-Math 447,Math 425-Math 440
Math 130,Math 135,CS 100-Math 145,Math 213-Math 220-Math 300,Math 395-Math 434-Math 435,Math 440-Math 445
Math 130,Math 135,CS 100-Math 145,Math 213-Math 220-Math 300,Math 435-Math 447,Math 395-Math 425-Math 445
Math 130,Math 135,CS 100-Math 145,Math 213-Math 220-Math 300,Math 435-Math 447,Math 395-Math 425-Math 440
Math 130,Math 135,CS 100-Math 145,Math 213-Math 220-Math 300,Math 434-Math 447,Math 395-Math 425-Math 445
Math 130,Math 135,CS 100-Math 145,Math 213-Math 220-Math 300,Math 434-Math 447,Math 395-Math 425-Math 440
Math 130,Math 135,CS 100-Math 145,Math 213-Math 220-Math 300,Math 434-Math 435,Math 395-Math 440-Math 445
Math 130,Math 135,CS 100-Math 145,Math 213-Math 220-Math 300,Math 395-Math 435,Math 425-Math 440-Math 445
Math 130,Math 135,CS 100-Math 145,Math 213-Math 220-Math 300,Math 395-Math 434,Math 425-Math 440-Math 445
Math 130,Math 135,CS 100-Math 145,Math 213-Math 220-Math 300,Math 435,Math 395-Math 425-Math 440-Math 445
Math 130,Math 135,CS 100-Math 145,Math 213-Math 220-Math 300,Math 434,Math 395-Math 425-Math 440-Math 445
Math 130,Math 135,CS 100-Math 145,Math 213-Math 220,Math 300-Math 434-Math 435,Math 395-Math 440-Math 445
Math 130,Math 135,CS 100-Math 145,Math 213-Math 220,Math 300-Math 435,Math 395-Math 425-Math 440-Math 445
Math 130,Math 135,CS 100-Math 145,Math 213-Math 220,Math 300-Math 434,Math 395-Math 425-Math 440-Math 445
Math 130,Math 135,Math 145,CS 100-Math 213-Math 220-Math 300,Math 395-Math 434-Math 435-Math 447,Math 445
Math 130,Math 135,Math 145,CS 100-Math 213-Math 220-Math 300,Math 395-Math 434-Math 435-Math 447,Math 440
Math 130,Math 135,Math 145,CS 100-Math 213-Math 220-Math 300,Math 434-Math 435-Math 447,Math 395-Math 445
Math 130,Math 135,Math 145,CS 100-Math 213-Math 220-Math 300,Math 434-Math 435-Math 447,Math 395-Math 440
Math 130,Math 135,Math 145,CS 100-Math 213-Math 220-Math 300,Math 395-Math 435-Math 447,Math 425-Math 445
Math 130,Math 135,Math 145,CS 100-Math 213-Math 220-Math 300,Math 395-Math 435-Math 447,Math 425-Math 440
Math 130,Math 135,Math 145,CS 100-Math 213-Math 220-Math 300,Math 395-Math 434-Math 447,Math 425-Math 445
Math 130,Math 135,Math 145,CS 100-Math 213-Math 220-Math 300,Math 395-Math 434-Math 447,Math 425-Math 440
Math 130,Math 135,Math 145,CS 100-Math 213-Math 220-Math 300,Math 395-Math 434-Math 435,Math 440-Math 445
Math 130,Math 135,Math 145,CS 100-Math 213-Math 220-Math 300,Math 435-Math 447,Math 395-Math 425-Math 445
Math 130,Math 135,Math 145,CS 100-Math 213-Math 220-Math 300,Math 435-Math 447,Math 395-Math 425-Math 440
Math 130,Math 135,Math 145,CS 100-Math 213-Math 220-Math 300,Math 434-Math 447,Math 395-Math 425-Math 445
Math 130,Math 135,Math 145,CS 100-Math 213-Math 220-Math 300,Math 434-Math 447,Math 395-Math 425-Math 440
Math 130,Math 135,Math 145,CS 100-Math 213-Math 220-Math 300,Math 434-Math 435,Math 395-Math 440-Math 445
Math 130,Math 135,Math 145,CS 100-Math 213-Math 220-Math 300,Math 395-Math 435,Math 425-Math 440-Math 445
Math 130,Math 135,Math 145,CS 100-Math 213-Math 220-Math 300,Math 395-Math 434,Math 425-Math 440-Math 445
Math 130,Math 135,Math 145,CS 100-Math 213-Math 220-Math 300,Math 435,Math 395-Math 425-Math 440-Math 445
Math 130,Math 135,Math 145,CS 100-Math 213-Math 220-Math 300,Math 434,Math 395-Math 425-Math 440-Math 445
Math 130,Math 135,Math 145,CS 100-Math 213-Math 220,Math 300-Math 434-Math 435,Math 395-Math 440-Math 445
Math 130,Math 135,Math 145,CS 100-Math 213-Math 220,Math 300-Math 435,Math 395-Math 425-Math 440-Math 445
Math 130,Math 135,Math 145,CS 100-Math 213-Math 220,Math 300-Math 434,Math 395-Math 425-Math 440-Math 445
CS 100-Math 130,Math 135,Math 145,Math 213-Math 220-Math 300,Math 395-Math 434-Math 435-Math 447,Math 445
CS 100-Math 130,Math 135,Math 145,Math 213-Math 220-Math 300,Math 395-Math 434-Math 435-Math 447,Math 440
CS 100-Math 130,Math 135,Math 145,Math 213-Math 220-Math 300,Math 434-Math 435-Math 447,Math 395-Math 445
CS 100-Math 130,Math 135,Math 145,Math 213-Math 220-Math 300,Math 434-Math 435-Math 447,Math 395-Math 440
CS 100-Math 130,Math 135,Math 145,Math 213-Math 220-Math 300,Math 395-Math 435-Math 447,Math 425-Math 445
CS 100-Math 130,Math 135,Math 145,Math 213-Math 220-Math 300,Math 395-Math 435-Math 447,Math 425-Math 440
CS 100-Math 130,Math 135,Math 145,Math 213-Math 220-Math 300,Math 395-Math 434-Math 447,Math 425-Math 445
CS 100-Math 130,Math 135,Math 145,Math 213-Math 220-Math 300,Math 395-Math 434-Math 447,Math 425-Math 440
CS 100-Math 130,Math 135,Math 145,Math 213-Math 220-Math 300,Math 395-Math 434-Math 435,Math 440-Math 445
CS 100-Math 130,Math 135,Math 145,Math 213-Math 220-Math 300,Math 435-Math 447,Math 395-Math 425-Math 445
CS 100-Math 130,Math 135,Math 145,Math 213-Math 220-Math 300,Math 435-Math 447,Math 395-Math 425-Math 440
CS 100-Math 130,Math 135,Math 145,Math 213-Math 220-Math 300,Math 434-Math 447,Math 395-Math 425-Math 445
CS 100-Math 130,Math 135,Math 145,Math 213-Math 220-Math 300,Math 434-Math 447,Math 395-Math 425-Math 440
CS 100-Math 130,Math 135,Math 145,Math 213-Math 220-Math 300,Math 434-Math 435,Math 395-Math 440-Math 445
CS 100-Math 130,Math 135,Math 145,Math 213-Math 220-Math 300,Math 395-Math 435,Math 425-Math 440-Math 445
CS 100-Math 130,Math 135,Math 145,Math 213-Math 220-Math 300,Math 395-Math 434,Math 425-Math 440-Math 445
CS 100-Math 130,Math 135,Math 145,Math 213-Math 220-Math 300,Math 435,Math 395-Math 425-Math 440-Math 445
CS 100-Math 130,Math 135,Math 145,Math 213-Math 220-Math 300,Math 434,Math 395-Math 425-Math 440-Math 445
CS 100-Math 130,Math 135,Math 145,Math 213-Math 220,Math 300-Math 434-Math 435,Math 395-Math 440-Math 445
CS 100-Math 130,Math 135,Math 145,Math 213-Math 220,Math 300-Math 435,Math 395-Math 425-Math 440-Math 445
CS 100-Math 130,Math 135,Math 145,Math 213-Math 220,Math 300-Math 434,Math 395-Math 425-Math 440-Math 445
