MATH 015,MATH 025,MATH 027-MATH 033-MATH 034-MATH 039,MATH 035-MATH 044-MATH 067-STAT 051,MATH 063
MATH 015,MATH 025,MATH 027-MATH 033-MATH 034-MATH 039,MATH 035-MATH 043-MATH 067-STAT 051,MATH 063
MATH 015,MATH 025,MATH 027-MATH 033-MATH 034-MATH 039,MATH 035-MATH 043-MATH 044-MATH 067,MATH 063
MATH 015,MATH 025,MATH 027-MATH 033-MATH 034-MATH 039,MATH 044-MATH 067-STAT 051,MATH 035-MATH 063
MATH 015,MATH 025,MATH 027-MATH 033-MATH 034-MATH 039,MATH 043-MATH 067-STAT 051,MATH 035-MATH 063
MATH 015,MATH 025,MATH 027-MATH 033-MATH 034-MATH 039,MATH 043-MATH 044-MATH 067,MATH 035-MATH 063
MATH 015,MATH 025,MATH 027-MATH 033-MATH 034-MATH 039,MATH 035-MATH 067-STAT 051,MATH 063-STAT 061
MATH 015,MATH 025,MATH 027-MATH 033-MATH 034-MATH 039,MATH 035-MATH 067-STAT 051,MATH 063-MATH 077
MATH 015,MATH 025,MATH 027-MATH 033-MATH 034-MATH 039,MATH 035-MATH 067-STAT 051,MATH 058-MATH 063
MATH 015,MATH 025,MATH 027-MATH 033-MATH 034-MATH 039,MATH 035-MATH 044-MATH 067,MATH 063-MATH 077
MATH 015,MATH 025,MATH 027-MATH 033-MATH 034-MATH 039,MATH 035-MATH 044-MATH 067,MATH 058-MATH 063
MATH 015,MATH 025,MATH 027-MATH 033-MATH 034-MATH 039,MATH 035-MATH 043-MATH 067,MATH 063-MATH 077
MATH 015,MATH 025,MATH 027-MATH 033-MATH 034-MATH 039,MATH 035-MATH 043-MATH 067,MATH 063-MATH 066
MATH 015,MATH 025,MATH 027-MATH 033-MATH 034-MATH 039,MATH 035-MATH 043-MATH 067,MATH 058-MATH 063
MATH 015,MATH 025,MATH 027-MATH 033-MATH 034-MATH 039,MATH 067-STAT 051,MATH 035-MATH 063-STAT 061
MATH 015,MATH 025,MATH 027-MATH 033-MATH 034-MATH 039,MATH 067-STAT 051,MATH 035-MATH 063-MATH 077
MATH 015,MATH 025,MATH 027-MATH 033-MATH 034-MATH 039,MATH 067-STAT 051,MATH 035-MATH 058-MATH 063
MATH 015,MATH 025,MATH 027-MATH 033-MATH 034-MATH 039,MATH 044-MATH 067,MATH 035-MATH 063-MATH 077
MATH 015,MATH 025,MATH 027-MATH 033-MATH 034-MATH 039,MATH 044-MATH 067,MATH 035-MATH 058-MATH 063
MATH 015,MATH 025,MATH 027-MATH 033-MATH 034-MATH 039,MATH 043-MATH 067,MATH 035-MATH 063-MATH 077
MATH 015,MATH 025,MATH 027-MATH 033-MATH 034-MATH 039,MATH 043-MATH 067,MATH 035-MATH 063-MATH 066
MATH 015,MATH 025,MATH 027-MATH 033-MATH 034-MATH 039,MATH 043-MATH 067,MATH 035-MATH 058-MATH 063
MATH 015,MATH 025,MATH 027-MATH 033-MATH 034-MATH 039,MATH 035-MATH 067,MATH 058-MATH 063-MATH 077
MATH 015,MATH 025,MATH 027-MATH 033-MATH 034-MATH 039,MATH 067,MATH 035-MATH 058-MATH 063-MATH 077
MATH 015,MATH 025,MATH 027-MATH 034-MATH 039,MATH 033-MATH 035-MATH 067,MATH 058-MATH 063-MATH 077
MATH 015,MATH 025,MATH 027-MATH 034-MATH 039,MATH 033-MATH 067,MATH 035-MATH 058-MATH 063-MATH 077
MATH 015,MATH 025,MATH 027-MATH 033-MATH 039,MATH 035-MATH 044-MATH 067-STAT 051,MATH 034-MATH 063
MATH 015,MATH 025,MATH 027-MATH 033-MATH 039,MATH 035-MATH 043-MATH 067-STAT 051,MATH 034-MATH 063
MATH 015,MATH 025,MATH 027-MATH 033-MATH 039,MATH 035-MATH 043-MATH 044-MATH 067,MATH 034-MATH 063
MATH 015,MATH 025,MATH 027-MATH 033-MATH 039,MATH 034-MATH 044-MATH 067-STAT 051,MATH 035-MATH 063
MATH 015,MATH 025,MATH 027-MATH 033-MATH 039,MATH 034-MATH 043-MATH 067-STAT 051,MATH 035-MATH 063
MATH 015,MATH 025,MATH 027-MATH 033-MATH 039,MATH 034-MATH 043-MATH 044-MATH 067,MATH 035-MATH 063
MATH 015,MATH 025,MATH 027-MATH 033-MATH 039,MATH 034-MATH 035-MATH 067-STAT 051,MATH 063-STAT 061
MATH 015,MATH 025,MATH 027-MATH 033-MATH 039,MATH 034-MATH 035-MATH 067-STAT 051,MATH 063-MATH 077
MATH 015,MATH 025,MATH 027-MATH 033-MATH 039,MATH 034-MATH 035-MATH 067-STAT 051,MATH 058-MATH 063
MATH 015,MATH 025,MATH 027-MATH 033-MATH 039,MATH 034-MATH 035-MATH 044-MATH 067,MATH 063-MATH 077
MATH 015,MATH 025,MATH 027-MATH 033-MATH 039,MATH 034-MATH 035-MATH 044-MATH 067,MATH 058-MATH 063
MATH 015,MATH 025,MATH 027-MATH 033-MATH 039,MATH 034-MATH 035-MATH 043-MATH 067,MATH 063-MATH 077
MATH 015,MATH 025,MATH 027-MATH 033-MATH 039,MATH 034-MATH 035-MATH 043-MATH 067,MATH 063-MATH 066
MATH 015,MATH 025,MATH 027-MATH 033-MATH 039,MATH 034-MATH 035-MATH 043-MATH 067,MATH 058-MATH 063
MATH 015,MATH 025,MATH 027-MATH 033-MATH 039,MATH 044-MATH 067-STAT 051,MATH 034-MATH 035-MATH 063
MATH 015,MATH 025,MATH 027-MATH 033-MATH 039,MATH 043-MATH 067-STAT 051,MATH 034-MATH 035-MATH 063
MATH 015,MATH 025,MATH 027-MATH 033-MATH 039,MATH 043-MATH 044-MATH 067,MATH 034-MATH 035-MATH 063
MATH 015,MATH 025,MATH 027-MATH 033-MATH 039,MATH 035-MATH 067-STAT 051,MATH 034-MATH 063-STAT 061
MATH 015,MATH 025,MATH 027-MATH 033-MATH 039,MATH 035-MATH 067-STAT 051,MATH 034-MATH 063-MATH 077
MATH 015,MATH 025,MATH 027-MATH 033-MATH 039,MATH 035-MATH 067-STAT 051,MATH 034-MATH 058-MATH 063
MATH 015,MATH 025,MATH 027-MATH 033-MATH 039,MATH 035-MATH 044-MATH 067,MATH 034-MATH 063-MATH 077
MATH 015,MATH 025,MATH 027-MATH 033-MATH 039,MATH 035-MATH 044-MATH 067,MATH 034-MATH 058-MATH 063
MATH 015,MATH 025,MATH 027-MATH 033-MATH 039,MATH 035-MATH 043-MATH 067,MATH 034-MATH 063-MATH 077
MATH 015,MATH 025,MATH 027-MATH 033-MATH 039,MATH 035-MATH 043-MATH 067,MATH 034-MATH 063-MATH 066
MATH 015,MATH 025,MATH 027-MATH 033-MATH 039,MATH 035-MATH 043-MATH 067,MATH 034-MATH 058-MATH 063
MATH 015,MATH 025,MATH 027-MATH 033-MATH 039,MATH 034-MATH 067-STAT 051,MATH 035-MATH 063-STAT 061
MATH 015,MATH 025,MATH 027-MATH 033-MATH 039,MATH 034-MATH 067-STAT 051,MATH 035-MATH 063-MATH 077
MATH 015,MATH 025,MATH 027-MATH 033-MATH 039,MATH 034-MATH 067-STAT 051,MATH 035-MATH 058-MATH 063
MATH 015,MATH 025,MATH 027-MATH 033-MATH 039,MATH 034-MATH 044-MATH 067,MATH 035-MATH 063-MATH 077
MATH 015,MATH 025,MATH 027-MATH 033-MATH 039,MATH 034-MATH 044-MATH 067,MATH 035-MATH 058-MATH 063
MATH 015,MATH 025,MATH 027-MATH 033-MATH 039,MATH 034-MATH 043-MATH 067,MATH 035-MATH 063-MATH 077
MATH 015,MATH 025,MATH 027-MATH 033-MATH 039,MATH 034-MATH 043-MATH 067,MATH 035-MATH 063-MATH 066
MATH 015,MATH 025,MATH 027-MATH 033-MATH 039,MATH 034-MATH 043-MATH 067,MATH 035-MATH 058-MATH 063
MATH 015,MATH 025,MATH 027-MATH 033-MATH 039,MATH 034-MATH 035-MATH 067,MATH 058-MATH 063-MATH 077
MATH 015,MATH 025,MATH 027-MATH 033-MATH 039,MATH 067-STAT 051,MATH 034-MATH 035-MATH 063-STAT 061
MATH 015,MATH 025,MATH 027-MATH 033-MATH 039,MATH 067-STAT 051,MATH 034-MATH 035-MATH 063-MATH 077
MATH 015,MATH 025,MATH 027-MATH 033-MATH 039,MATH 067-STAT 051,MATH 034-MATH 035-MATH 058-MATH 063
MATH 015,MATH 025,MATH 027-MATH 033-MATH 039,MATH 044-MATH 067,MATH 034-MATH 035-MATH 063-MATH 077
MATH 015,MATH 025,MATH 027-MATH 033-MATH 039,MATH 044-MATH 067,MATH 034-MATH 035-MATH 058-MATH 063
MATH 015,MATH 025,MATH 027-MATH 033-MATH 039,MATH 043-MATH 067,MATH 034-MATH 035-MATH 063-MATH 077
MATH 015,MATH 025,MATH 027-MATH 033-MATH 039,MATH 043-MATH 067,MATH 034-MATH 035-MATH 063-MATH 066
MATH 015,MATH 025,MATH 027-MATH 033-MATH 039,MATH 043-MATH 067,MATH 034-MATH 035-MATH 058-MATH 063
MATH 015,MATH 025,MATH 027-MATH 033-MATH 039,MATH 035-MATH 067,MATH 034-MATH 058-MATH 063-MATH 077
MATH 015,MATH 025,MATH 027-MATH 033-MATH 039,MATH 034-MATH 067,MATH 035-MATH 058-MATH 063-MATH 077
MATH 015,MATH 025,MATH 027-MATH 033-MATH 034,MATH 039-MATH 044-MATH 067-STAT 051,MATH 035-MATH 063
MATH 015,MATH 025,MATH 027-MATH 033-MATH 034,MATH 039-MATH 043-MATH 067-STAT 051,MATH 035-MATH 063
MATH 015,MATH 025,MATH 027-MATH 033-MATH 034,MATH 039-MATH 043-MATH 044-MATH 067,MATH 035-MATH 063
MATH 015,MATH 025,MATH 027-MATH 033-MATH 034,MATH 035-MATH 044-MATH 067-STAT 051,MATH 039-MATH 063
MATH 015,MATH 025,MATH 027-MATH 033-MATH 034,MATH 035-MATH 043-MATH 067-STAT 051,MATH 039-MATH 063
MATH 015,MATH 025,MATH 027-MATH 033-MATH 034,MATH 035-MATH 043-MATH 044-MATH 067,MATH 039-MATH 063
MATH 015,MATH 025,MATH 027-MATH 033-MATH 034,MATH 035-MATH 039-MATH 067-STAT 051,MATH 063-STAT 061
MATH 015,MATH 025,MATH 027-MATH 033-MATH 034,MATH 035-MATH 039-MATH 067-STAT 051,MATH 063-MATH 077
MATH 015,MATH 025,MATH 027-MATH 033-MATH 034,MATH 035-MATH 039-MATH 067-STAT 051,MATH 058-MATH 063
MATH 015,MATH 025,MATH 027-MATH 033-MATH 034,MATH 035-MATH 039-MATH 044-MATH 067,MATH 063-MATH 077
MATH 015,MATH 025,MATH 027-MATH 033-MATH 034,MATH 035-MATH 039-MATH 044-MATH 067,MATH 058-MATH 063
MATH 015,MATH 025,MATH 027-MATH 033-MATH 034,MATH 035-MATH 039-MATH 043-MATH 067,MATH 063-MATH 077
MATH 015,MATH 025,MATH 027-MATH 033-MATH 034,MATH 035-MATH 039-MATH 043-MATH 067,MATH 063-MATH 066
MATH 015,MATH 025,MATH 027-MATH 033-MATH 034,MATH 035-MATH 039-MATH 043-MATH 067,MATH 058-MATH 063
MATH 015,MATH 025,MATH 027-MATH 033-MATH 034,MATH 044-MATH 067-STAT 051,MATH 035-MATH 039-MATH 063
MATH 015,MATH 025,MATH 027-MATH 033-MATH 034,MATH 043-MATH 067-STAT 051,MATH 035-MATH 039-MATH 063
MATH 015,MATH 025,MATH 027-MATH 033-MATH 034,MATH 043-MATH 044-MATH 067,MATH 035-MATH 039-MATH 063
MATH 015,MATH 025,MATH 027-MATH 033-MATH 034,MATH 039-MATH 067-STAT 051,MATH 035-MATH 063-STAT 061
MATH 015,MATH 025,MATH 027-MATH 033-MATH 034,MATH 039-MATH 067-STAT 051,MATH 035-MATH 063-MATH 077
MATH 015,MATH 025,MATH 027-MATH 033-MATH 034,MATH 039-MATH 067-STAT 051,MATH 035-MATH 058-MATH 063
MATH 015,MATH 025,MATH 027-MATH 033-MATH 034,MATH 039-MATH 044-MATH 067,MATH 035-MATH 063-MATH 077
MATH 015,MATH 025,MATH 027-MATH 033-MATH 034,MATH 039-MATH 044-MATH 067,MATH 035-MATH 058-MATH 063
MATH 015,MATH 025,MATH 027-MATH 033-MATH 034,MATH 039-MATH 043-MATH 067,MATH 035-MATH 063-MATH 077
MATH 015,MATH 025,MATH 027-MATH 033-MATH 034,MATH 039-MATH 043-MATH 067,MATH 035-MATH 063-MATH 066
MATH 015,MATH 025,MATH 027-MATH 033-MATH 034,MATH 039-MATH 043-MATH 067,MATH 035-MATH 058-MATH 063
MATH 015,MATH 025,MATH 027-MATH 033-MATH 034,MATH 035-MATH 067-STAT 051,MATH 039-MATH 063-STAT 061
MATH 015,MATH 025,MATH 027-MATH 033-MATH 034,MATH 035-MATH 067-STAT 051,MATH 039-MATH 063-MATH 077
MATH 015,MATH 025,MATH 027-MATH 033-MATH 034,MATH 035-MATH 067-STAT 051,MATH 039-MATH 058-MATH 063
MATH 015,MATH 025,MATH 027-MATH 033-MATH 034,MATH 035-MATH 044-MATH 067,MATH 039-MATH 063-MATH 077
MATH 015,MATH 025,MATH 027-MATH 033-MATH 034,MATH 035-MATH 044-MATH 067,MATH 039-MATH 058-MATH 063
MATH 015,MATH 025,MATH 027-MATH 033-MATH 034,MATH 035-MATH 043-MATH 067,MATH 039-MATH 063-MATH 077
MATH 015,MATH 025,MATH 027-MATH 033-MATH 034,MATH 035-MATH 043-MATH 067,MATH 039-MATH 063-MATH 066
MATH 015,MATH 025,MATH 027-MATH 033-MATH 034,MATH 035-MATH 043-MATH 067,MATH 039-MATH 058-MATH 063
MATH 015,MATH 025,MATH 027-MATH 033-MATH 034,MATH 035-MATH 039-MATH 067,MATH 058-MATH 063-MATH 077
MATH 015,MATH 025,MATH 027-MATH 033-MATH 034,MATH 067-STAT 051,MATH 035-MATH 039-MATH 063-STAT 061
MATH 015,MATH 025,MATH 027-MATH 033-MATH 034,MATH 067-STAT 051,MATH 035-MATH 039-MATH 063-MATH 077
MATH 015,MATH 025,MATH 027-MATH 033-MATH 034,MATH 067-STAT 051,MATH 035-MATH 039-MATH 058-MATH 063
MATH 015,MATH 025,MATH 027-MATH 033-MATH 034,MATH 044-MATH 067,MATH 035-MATH 039-MATH 063-MATH 077
MATH 015,MATH 025,MATH 027-MATH 033-MATH 034,MATH 044-MATH 067,MATH 035-MATH 039-MATH 058-MATH 063
MATH 015,MATH 025,MATH 027-MATH 033-MATH 034,MATH 043-MATH 067,MATH 035-MATH 039-MATH 063-MATH 077
MATH 015,MATH 025,MATH 027-MATH 033-MATH 034,MATH 043-MATH 067,MATH 035-MATH 039-MATH 063-MATH 066
MATH 015,MATH 025,MATH 027-MATH 033-MATH 034,MATH 043-MATH 067,MATH 035-MATH 039-MATH 058-MATH 063
MATH 015,MATH 025,MATH 027-MATH 033-MATH 034,MATH 039-MATH 067,MATH 035-MATH 058-MATH 063-MATH 077
MATH 015,MATH 025,MATH 027-MATH 033-MATH 034,MATH 035-MATH 067,MATH 039-MATH 058-MATH 063-MATH 077
MATH 015,MATH 025,MATH 027-MATH 039,MATH 033-MATH 034-MATH 035-MATH 067,MATH 058-MATH 063-MATH 077
MATH 015,MATH 025,MATH 027-MATH 039,MATH 033-MATH 035-MATH 067,MATH 034-MATH 058-MATH 063-MATH 077
MATH 015,MATH 025,MATH 027-MATH 039,MATH 033-MATH 034-MATH 067,MATH 035-MATH 058-MATH 063-MATH 077
MATH 015,MATH 025,MATH 027-MATH 034,MATH 033-MATH 035-MATH 039-MATH 067,MATH 058-MATH 063-MATH 077
MATH 015,MATH 025,MATH 027-MATH 034,MATH 033-MATH 039-MATH 067,MATH 035-MATH 058-MATH 063-MATH 077
MATH 015,MATH 025,MATH 027-MATH 034,MATH 033-MATH 035-MATH 067,MATH 039-MATH 058-MATH 063-MATH 077
MATH 015,MATH 025,MATH 027-MATH 033,MATH 039-MATH 044-MATH 067-STAT 051,MATH 034-MATH 035-MATH 063
MATH 015,MATH 025,MATH 027-MATH 033,MATH 039-MATH 043-MATH 067-STAT 051,MATH 034-MATH 035-MATH 063
MATH 015,MATH 025,MATH 027-MATH 033,MATH 039-MATH 043-MATH 044-MATH 067,MATH 034-MATH 035-MATH 063
MATH 015,MATH 025,MATH 027-MATH 033,MATH 035-MATH 044-MATH 067-STAT 051,MATH 034-MATH 039-MATH 063
MATH 015,MATH 025,MATH 027-MATH 033,MATH 035-MATH 043-MATH 067-STAT 051,MATH 034-MATH 039-MATH 063
MATH 015,MATH 025,MATH 027-MATH 033,MATH 035-MATH 043-MATH 044-MATH 067,MATH 034-MATH 039-MATH 063
MATH 015,MATH 025,MATH 027-MATH 033,MATH 035-MATH 039-MATH 067-STAT 051,MATH 034-MATH 063-STAT 061
MATH 015,MATH 025,MATH 027-MATH 033,MATH 035-MATH 039-MATH 067-STAT 051,MATH 034-MATH 063-MATH 077
MATH 015,MATH 025,MATH 027-MATH 033,MATH 035-MATH 039-MATH 067-STAT 051,MATH 034-MATH 058-MATH 063
MATH 015,MATH 025,MATH 027-MATH 033,MATH 035-MATH 039-MATH 044-MATH 067,MATH 034-MATH 063-MATH 077
MATH 015,MATH 025,MATH 027-MATH 033,MATH 035-MATH 039-MATH 044-MATH 067,MATH 034-MATH 058-MATH 063
MATH 015,MATH 025,MATH 027-MATH 033,MATH 035-MATH 039-MATH 043-MATH 067,MATH 034-MATH 063-MATH 077
MATH 015,MATH 025,MATH 027-MATH 033,MATH 035-MATH 039-MATH 043-MATH 067,MATH 034-MATH 063-MATH 066
MATH 015,MATH 025,MATH 027-MATH 033,MATH 035-MATH 039-MATH 043-MATH 067,MATH 034-MATH 058-MATH 063
MATH 015,MATH 025,MATH 027-MATH 033,MATH 034-MATH 044-MATH 067-STAT 051,MATH 035-MATH 039-MATH 063
MATH 015,MATH 025,MATH 027-MATH 033,MATH 034-MATH 043-MATH 067-STAT 051,MATH 035-MATH 039-MATH 063
MATH 015,MATH 025,MATH 027-MATH 033,MATH 034-MATH 043-MATH 044-MATH 067,MATH 035-MATH 039-MATH 063
MATH 015,MATH 025,MATH 027-MATH 033,MATH 034-MATH 039-MATH 067-STAT 051,MATH 035-MATH 063-STAT 061
MATH 015,MATH 025,MATH 027-MATH 033,MATH 034-MATH 039-MATH 067-STAT 051,MATH 035-MATH 063-MATH 077
MATH 015,MATH 025,MATH 027-MATH 033,MATH 034-MATH 039-MATH 067-STAT 051,MATH 035-MATH 058-MATH 063
MATH 015,MATH 025,MATH 027-MATH 033,MATH 034-MATH 039-MATH 044-MATH 067,MATH 035-MATH 063-MATH 077
MATH 015,MATH 025,MATH 027-MATH 033,MATH 034-MATH 039-MATH 044-MATH 067,MATH 035-MATH 058-MATH 063
MATH 015,MATH 025,MATH 027-MATH 033,MATH 034-MATH 039-MATH 043-MATH 067,MATH 035-MATH 063-MATH 077
MATH 015,MATH 025,MATH 027-MATH 033,MATH 034-MATH 039-MATH 043-MATH 067,MATH 035-MATH 063-MATH 066
MATH 015,MATH 025,MATH 027-MATH 033,MATH 034-MATH 039-MATH 043-MATH 067,MATH 035-MATH 058-MATH 063
MATH 015,MATH 025,MATH 027-MATH 033,MATH 034-MATH 035-MATH 067-STAT 051,MATH 039-MATH 063-STAT 061
MATH 015,MATH 025,MATH 027-MATH 033,MATH 034-MATH 035-MATH 067-STAT 051,MATH 039-MATH 063-MATH 077
MATH 015,MATH 025,MATH 027-MATH 033,MATH 034-MATH 035-MATH 067-STAT 051,MATH 039-MATH 058-MATH 063
MATH 015,MATH 025,MATH 027-MATH 033,MATH 034-MATH 035-MATH 044-MATH 067,MATH 039-MATH 063-MATH 077
MATH 015,MATH 025,MATH 027-MATH 033,MATH 034-MATH 035-MATH 044-MATH 067,MATH 039-MATH 058-MATH 063
MATH 015,MATH 025,MATH 027-MATH 033,MATH 034-MATH 035-MATH 043-MATH 067,MATH 039-MATH 063-MATH 077
MATH 015,MATH 025,MATH 027-MATH 033,MATH 034-MATH 035-MATH 043-MATH 067,MATH 039-MATH 063-MATH 066
MATH 015,MATH 025,MATH 027-MATH 033,MATH 034-MATH 035-MATH 043-MATH 067,MATH 039-MATH 058-MATH 063
MATH 015,MATH 025,MATH 027-MATH 033,MATH 034-MATH 035-MATH 039-MATH 067,MATH 058-MATH 063-MATH 077
MATH 015,MATH 025,MATH 027-MATH 033,MATH 044-MATH 067-STAT 051,MATH 034-MATH 035-MATH 039-MATH 063
MATH 015,MATH 025,MATH 027-MATH 033,MATH 043-MATH 067-STAT 051,MATH 034-MATH 035-MATH 039-MATH 063
MATH 015,MATH 025,MATH 027-MATH 033,MATH 043-MATH 044-MATH 067,MATH 034-MATH 035-MATH 039-MATH 063
MATH 015,MATH 025,MATH 027-MATH 033,MATH 039-MATH 067-STAT 051,MATH 034-MATH 035-MATH 063-STAT 061
MATH 015,MATH 025,MATH 027-MATH 033,MATH 039-MATH 067-STAT 051,MATH 034-MATH 035-MATH 063-MATH 077
MATH 015,MATH 025,MATH 027-MATH 033,MATH 039-MATH 067-STAT 051,MATH 034-MATH 035-MATH 058-MATH 063
MATH 015,MATH 025,MATH 027-MATH 033,MATH 039-MATH 044-MATH 067,MATH 034-MATH 035-MATH 063-MATH 077
MATH 015,MATH 025,MATH 027-MATH 033,MATH 039-MATH 044-MATH 067,MATH 034-MATH 035-MATH 058-MATH 063
MATH 015,MATH 025,MATH 027-MATH 033,MATH 039-MATH 043-MATH 067,MATH 034-MATH 035-MATH 063-MATH 077
MATH 015,MATH 025,MATH 027-MATH 033,MATH 039-MATH 043-MATH 067,MATH 034-MATH 035-MATH 063-MATH 066
MATH 015,MATH 025,MATH 027-MATH 033,MATH 039-MATH 043-MATH 067,MATH 034-MATH 035-MATH 058-MATH 063
MATH 015,MATH 025,MATH 027-MATH 033,MATH 035-MATH 067-STAT 051,MATH 034-MATH 039-MATH 063-STAT 061
MATH 015,MATH 025,MATH 027-MATH 033,MATH 035-MATH 067-STAT 051,MATH 034-MATH 039-MATH 063-MATH 077
MATH 015,MATH 025,MATH 027-MATH 033,MATH 035-MATH 067-STAT 051,MATH 034-MATH 039-MATH 058-MATH 063
MATH 015,MATH 025,MATH 027-MATH 033,MATH 035-MATH 044-MATH 067,MATH 034-MATH 039-MATH 063-MATH 077
MATH 015,MATH 025,MATH 027-MATH 033,MATH 035-MATH 044-MATH 067,MATH 034-MATH 039-MATH 058-MATH 063
MATH 015,MATH 025,MATH 027-MATH 033,MATH 035-MATH 043-MATH 067,MATH 034-MATH 039-MATH 063-MATH 077
MATH 015,MATH 025,MATH 027-MATH 033,MATH 035-MATH 043-MATH 067,MATH 034-MATH 039-MATH 063-MATH 066
MATH 015,MATH 025,MATH 027-MATH 033,MATH 035-MATH 043-MATH 067,MATH 034-MATH 039-MATH 058-MATH 063
MATH 015,MATH 025,MATH 027-MATH 033,MATH 035-MATH 039-MATH 067,MATH 034-MATH 058-MATH 063-MATH 077
MATH 015,MATH 025,MATH 027-MATH 033,MATH 034-MATH 067-STAT 051,MATH 035-MATH 039-MATH 063-STAT 061
MATH 015,MATH 025,MATH 027-MATH 033,MATH 034-MATH 067-STAT 051,MATH 035-MATH 039-MATH 063-MATH 077
MATH 015,MATH 025,MATH 027-MATH 033,MATH 034-MATH 067-STAT 051,MATH 035-MATH 039-MATH 058-MATH 063
MATH 015,MATH 025,MATH 027-MATH 033,MATH 034-MATH 044-MATH 067,MATH 035-MATH 039-MATH 063-MATH 077
MATH 015,MATH 025,MATH 027-MATH 033,MATH 034-MATH 044-MATH 067,MATH 035-MATH 039-MATH 058-MATH 063
MATH 015,MATH 025,MATH 027-MATH 033,MATH 034-MATH 043-MATH 067,MATH 035-MATH 039-MATH 063-MATH 077
MATH 015,MATH 025,MATH 027-MATH 033,MATH 034-MATH 043-MATH 067,MATH 035-MATH 039-MATH 063-MATH 066
MATH 015,MATH 025,MATH 027-MATH 033,MATH 034-MATH 043-MATH 067,MATH 035-MATH 039-MATH 058-MATH 063
MATH 015,MATH 025,MATH 027-MATH 033,MATH 034-MATH 039-MATH 067,MATH 035-MATH 058-MATH 063-MATH 077
MATH 015,MATH 025,MATH 027-MATH 033,MATH 034-MATH 035-MATH 067,MATH 039-MATH 058-MATH 063-MATH 077
MATH 015,MATH 025,MATH 027,MATH 033-MATH 035-MATH 039-MATH 067,MATH 034-MATH 058-MATH 063-MATH 077
MATH 015,MATH 025,MATH 027,MATH 033-MATH 034-MATH 039-MATH 067,MATH 035-MATH 058-MATH 063-MATH 077
MATH 015,MATH 025,MATH 027,MATH 033-MATH 034-MATH 035-MATH 067,MATH 039-MATH 058-MATH 063-MATH 077
